{
    "resource": "predict",
    "accesskey": "30a2d1d1d62ca5bceb8bdffac23ddb410e052f19019b0a28784fb0ed766c8f1d531e8a5b655cf2ee3194ed916af7b60e957dc839fbedf60bf6ef9050697efb09",
    "data": {
        "x1": [
            1.3517929315567017,
            1.299736166000366,
            1.2825018644332886,
            1.256198787689209,
            1.2800678133964538
        ],
        "x2": [
            10.2,
            10.2,
            10.2,
            10.2,
            10.2
        ],
        "x3": [
            129.0,
            129.0,
            129.0,
            129.0,
            129.0
        ],
        "x4": [
            5879.7,
            5902.5,
            5924.6,
            5945.6,
            5967.0
        ],
        "x5": [
            5761.165800000001,
            5783.7408000000005,
            5805.4382000000005,
            5825.734200000001,
            5847.3302
        ],
        "x6": [
            5899.0,
            5899.0,
            5899.0,
            5899.0,
            5899.0
        ]
    }
}